{
  "MODEL_NAME": "vit",
  "BATCH_SIZE": 32,
  "TEST_BATCH_SIZE": 128,
"NUM_EPOCHS": 10,
  "NUM_RUNS": 1,
  "LR": 0.00001,
  "EPSILON": 12,
  "DELTA": 0.001,
  "C": 1,
  "SAVE_MODEL": false,
  "DISABLE_DP": false,
  "OPTIMIZER": "adam",
  "BASIC_TRANSFORM":true,
  "patch_size": 4,
  "hidden_size": 128,
  "num_hidden_layers":4,
  "num_attention_heads": 6,
  "intermediate_size": 512,
  "hidden_dropout_prob":  0.0,
  "attention_probs_dropout_prob":  0.0,
  "initializer_range":  0.02,
  "image_size":  100,
  "num_classes":  4,
  "num_channels":  3,
  "qkv_bias": true
}